[
    {
        "title": "Learn PHP Basics",
        "status": "done",
        "created": "2019-01-01"
    },
    {
        "title": "Learn PHP OOP",
        "status": "done",
        "created": "2019-02-01"
    },
    {
        "title": "Learn PHP Frameworks",
        "status": "new",
        "created": "2019-03-01"
    },
    {
        "title": "goo to drink beer!!!",
        "status": "new",
        "created": "2019-06-05"
    },
    {
        "title": "wooohoo",
        "status": "new",
        "created": "2019-06-05"
    },
    {
        "title": "Relax",
        "status": "new",
        "created": "2018-06-06"
    },
    {
        "title": "Sleep",
        "status": "new",
        "created": "2019-06-07"
    },
    {
        "title": "Another task2",
        "status": "new",
        "created": "2015-06-07"
    },
    {
        "title": "Bla bla bla",
        "status": "new",
        "created": "2019-06-07"
    },
    {
        "title": "Task",
        "status": "new",
        "created": "2019-06-07"
    },
    {
        "title": "vetawbn",
        "status": "new",
        "created": "2019-06-07"
    }
]