[
    {
        "title": "Learn PHP Basics",
        "status": "done",
        "created": "2019-01-01"
    },
    {
        "title": "Learn PHP OOP",
        "status": "done",
        "created": "2019-02-01"
    },
    {
        "title": "Learn PHP Frameworks",
        "status": "new",
        "created": "2019-03-01"
    },
    {
        "title": "daad",
        "status": "new",
        "created": "2019-06-05"
    },
    {
        "title": "daad",
        "status": "new",
        "created": "2019-06-05"
    },
    {
        "title": "a fdgbn h",
        "status": "new",
        "created": "2019-06-05"
    },
    {
        "title": "goo to drink beer!!!",
        "status": "new",
        "created": "2019-06-05"
    },
    {
        "title": "wooohoo",
        "status": "new",
        "created": "2019-06-05"
    }
]