[
    {
        "name": "Мобильный телефон Apple iPhone 5S 16Gb Silver",
        "photo": "images/1.jpg",
        "price":{
            "value": 4674,
            "currency":"MDL"}
    },
    {
        "name": "Мобильный телефон Samsung SM-J510H Galaxy J5 Duos Black",
        "photo": "images/2.jpg",
        "price":   {
            "value": 2717,
            "currency": "EUR"
        }

    },
    {
        "name": "Мобильный телефон Nokia 230 Duos Dark Silver",
        "photo": "images/3.jpg",
        "price": {
            "value": 1241,
            "currency": "MDL"
        }       
    },
    {
        "name": "Мобильный телефон Samsung SM-G950 Galaxy S8 4Gb/64Gb Orchide Gray",
        "photo": "images/4.jpg",
        "price": {
            "value": 9251,
            "currency": "MDL"
        }
    },
    {
        "name": "Мобильный телефон Xiaomi Mi A1 4Gb/64Gb Duos Gold",
        "photo": "images/5.jpg",
        "price": {
            "value": 3269,
            "currency": "MDL"
        }

    }
]